vent	platform	fosmid_based(y/n)	known_adapter_seq
anantharaman_abe_1_1	illumina	n	
anantharaman_abe_2_2	illumina	n	actgacca
anantharaman_abe_background_3	illumina	n	
anantharaman_kilo_moana_km1_4	illumina	n	
anantharaman_kilo_moana_km4_1_5	illumina	n	
anantharaman_kilo_moana_km4_2_6	illumina	n	
anantharaman_mariner_7	illumina	n	
anantharaman_mariner_background_8	illumina	n	
anantharaman_tahi_moana_9	illumina	n	
anantharaman_tahi_moana_background_10	illumina	n	
anantharaman_tui_malila_11	illumina	n	
anderson_hulk_cellular_12	454	n	
anderson_hulk_virome_13	454	n	
axial_seamount_unpublished_anemone_14	illumina	n	
axial_seamount_unpublished_dependable_15	illumina	n	
axial_seamount_unpublished_elguapo_16	illumina	n	
axial_seamount_unpublished_marker113_18	illumina	n	
axial_seamount_unpublished_marker33_17	illumina	n	
axial_seamount_unpublished_marshmallow_19	illumina	n	
axial_seamount_unpublished_n3_20	illumina	n	
cayman_rise_unpublished_beebe_21	illumina	n	
cayman_rise_unpublished_beebe_background_22	illumina	n	
cayman_rise_unpublished_von_damm_2041_23	illumina	n	
cayman_rise_unpublished_von_damm_2238_24	illumina	n	
lanzen_trollveggen_25	454	n	
lesniewski_guaymas_basin_GD1_26	454	n	
lesniewski_guaymas_basin_GD2_27	454	n	
nakai_fryer_28	454	n	
perner_sisters_peak_29	454	n	
stokke_lokis_castle_30	454	n	
tang_kueishantao_G1_31	454	n	
tang_kueishantao_G2_32	454	n	
xie_4143-1_33	454	y	
